uni,frequency,negative,neutral,positive,name2
0x1f602,14622,3614,4163,6845,FACE WITH TEARS OF JOY
0x2764,8050,355,1334,6361,HEAVY BLACK HEART
0x2665,7144,252,1942,4950,BLACK HEART SUIT
0x1f60d,6359,329,1390,4640,SMILING FACE WITH HEART-SHAPED EYES
0x1f62d,5526,2412,1218,1896,LOUDLY CRYING FACE
0x1f618,3648,193,702,2753,FACE THROWING A KISS
0x1f60a,3186,189,754,2243,SMILING FACE WITH SMILING EYES
0x1f44c,2925,274,728,1923,OK HAND SIGN
0x1f495,2400,99,683,1618,TWO HEARTS
0x1f44f,2336,243,634,1459,CLAPPING HANDS SIGN
0x1f601,2189,278,648,1263,GRINNING FACE WITH SMILING EYES
0x263a,2062,128,449,1485,WHITE SMILING FACE
0x2661,1975,102,448,1425,WHITE HEART SUIT
0x1f44d,1854,213,460,1181,THUMBS UP SIGN
0x1f629,1808,1069,336,403,WEARY FACE
0x1f64f,1539,124,648,767,PERSON WITH FOLDED HANDS
0x270c,1534,173,476,885,VICTORY HAND
0x1f60f,1522,170,676,676,SMIRKING FACE
0x1f609,1521,151,513,857,WINKING FACE
0x1f64c,1506,152,358,996,PERSON RAISING BOTH HANDS IN CELEBRATION
0x1f648,1456,238,350,868,SEE-NO-EVIL MONKEY
0x1f4aa,1409,101,424,884,FLEXED BICEPS
0x1f604,1398,191,426,781,SMILING FACE WITH OPEN MOUTH AND SMILING EYES
0x1f612,1385,819,266,300,UNAMUSED FACE
0x1f483,1344,59,237,1048,DANCER
0x1f496,1263,54,254,955,SPARKLING HEART
0x1f603,1206,86,361,759,SMILING FACE WITH OPEN MOUTH
0x1f614,1205,559,263,383,PENSIVE FACE
0x1f631,1130,298,319,513,FACE SCREAMING IN FEAR
0x1f389,1125,43,207,875,PARTY POPPER
0x1f61c,1035,115,333,587,FACE WITH STUCK-OUT TONGUE AND WINKING EYE
0x262f,992,5,981,6,YIN YANG
0x1f338,946,37,255,654,CHERRY BLOSSOM
0x1f49c,939,41,241,657,PURPLE HEART
0x1f499,912,29,186,697,BLUE HEART
0x2728,848,43,463,342,SPARKLES
0x1f633,846,277,277,292,FLUSHED FACE
0x1f497,836,42,201,593,GROWING HEART
0x2605,828,25,543,260,BLACK STAR
0x2588,798,71,682,45,FULL BLOCK
0x2600,786,21,377,388,BLACK SUN WITH RAYS
0x1f621,756,403,81,272,POUTING FACE
0x1f60e,754,79,224,451,SMILING FACE WITH SUNGLASSES
0x1f622,749,288,168,293,CRYING FACE
0x1f48b,734,28,169,537,KISS MARK
0x1f60b,734,33,203,498,FACE SAVOURING DELICIOUS FOOD
0x1f64a,725,97,197,431,SPEAK-NO-EVIL MONKEY
0x1f634,718,303,170,245,SLEEPING FACE
0x1f3b6,701,67,189,445,MULTIPLE MUSICAL NOTES
0x1f49e,687,27,123,537,REVOLVING HEARTS
0x1f60c,665,93,157,415,RELIEVED FACE
0x1f525,651,80,400,171,FIRE
0x1f4af,637,179,202,256,HUNDRED POINTS SYMBOL
0x1f52b,604,298,126,180,PISTOL
0x1f49b,602,25,123,454,YELLOW HEART
0x1f481,549,105,159,285,INFORMATION DESK PERSON
0x1f49a,537,41,101,395,GREEN HEART
0x266b,533,33,313,187,BEAMED EIGHTH NOTES
0x1f61e,532,255,85,192,DISAPPOINTED FACE
0x1f606,527,81,148,298,SMILING FACE WITH OPEN MOUTH AND TIGHTLY-CLOSED EYES
0x1f61d,496,65,155,276,FACE WITH STUCK-OUT TONGUE AND TIGHTLY-CLOSED EYES
0x1f62a,482,208,105,169,SLEEPY FACE
0xfffd,472,78,275,119,REPLACEMENT CHARACTER
0x1f62b,467,227,81,159,TIRED FACE
0x1f605,462,135,109,218,SMILING FACE WITH OPEN MOUTH AND COLD SWEAT
0x1f44a,458,121,111,226,FISTED HAND SIGN
0x1f480,456,214,123,119,SKULL
0x1f600,439,37,114,288,GRINNING FACE
0x1f61a,424,20,81,323,KISSING FACE WITH CLOSED EYES
0x1f63b,417,28,101,288,SMILING CAT FACE WITH HEART-SHAPED EYES
0xa9,416,54,259,103,COPYRIGHT SIGN
0x1f440,410,93,198,119,EYES
0x1f498,395,18,87,290,HEART WITH ARROW
0x1f413,384,41,291,52,ROOSTER
0x2615,382,53,182,147,HOT BEVERAGE
0x1f44b,382,60,103,219,WAVING HAND SIGN
0x270b,378,124,82,172,RAISED HAND
0x1f38a,363,20,59,284,CONFETTI BALL
0x1f355,352,19,166,167,SLICE OF PIZZA
0x2744,349,34,103,212,SNOWFLAKE
0x1f625,341,108,83,150,DISAPPOINTED BUT RELIEVED FACE
0x1f615,340,205,66,69,CONFUSED FACE
0x1f4a5,329,23,234,72,COLLISION SYMBOL
0x1f494,328,136,96,96,BROKEN HEART
0x1f624,327,157,82,88,FACE WITH LOOK OF TRIUMPH
0x1f608,325,66,106,153,SMILING FACE WITH HORNS
0x25ba,325,40,192,93,BLACK RIGHT-POINTING POINTER
0x2708,322,13,161,148,AIRPLANE
0x1f51d,303,26,106,171,TOP WITH UPWARDS ARROW ABOVE
0x1f630,302,132,44,126,FACE WITH OPEN MOUTH AND COLD SWEAT
0x26bd,299,15,83,201,SOCCER BALL
0x1f611,299,154,85,60,EXPRESSIONLESS FACE
0x1f451,298,12,65,221,CROWN
0x1f639,295,88,77,130,CAT FACE WITH TEARS OF JOY
0x1f449,292,20,137,135,WHITE RIGHT POINTING BACKHAND INDEX
0x1f343,291,29,122,140,LEAF FLUTTERING IN WIND
0x1f381,288,11,45,232,WRAPPED PRESENT
0x1f620,288,163,49,76,ANGRY FACE
0x1f427,284,11,131,142,PENGUIN
0x2606,282,8,144,130,WHITE STAR
0x1f340,278,6,186,86,FOUR LEAF CLOVER
0x1f388,277,4,68,205,BALLOON
0x1f385,274,7,172,95,FATHER CHRISTMAS
0x1f613,273,118,59,96,FACE WITH COLD SWEAT
0x1f623,271,147,35,89,PERSEVERING FACE
0x1f610,270,150,76,44,NEUTRAL FACE
0x270a,270,37,79,154,RAISED FIST
0x1f628,269,117,73,79,FEARFUL FACE
0x1f616,268,130,50,88,CONFOUNDED FACE
0x1f4a4,267,38,91,138,SLEEPING SYMBOL
0x1f493,259,15,55,189,BEATING HEART
0x1f44e,258,128,51,79,THUMBS DOWN SIGN
0x1f4a6,252,35,62,155,SPLASHING SWEAT SYMBOL
0x2714,249,31,119,99,HEAVY CHECK MARK
0x1f637,246,117,54,75,FACE WITH MEDICAL MASK
0x26a1,246,10,182,54,HIGH VOLTAGE SIGN
0x1f64b,236,30,60,146,HAPPY PERSON RAISING ONE HAND
0x1f384,236,15,79,142,CHRISTMAS TREE
0x1f4a9,229,94,68,67,PILE OF POO
0x1f3b5,223,23,64,136,MUSICAL NOTE
0x27a1,222,2,185,35,BLACK RIGHTWARDS ARROW
0x1f61b,220,18,50,152,FACE WITH STUCK-OUT TONGUE
0x1f62c,214,57,58,99,GRIMACING FACE
0x1f46f,211,24,69,118,WOMAN WITH BUNNY EARS
0x1f48e,209,11,68,130,GEM STONE
0x1f33f,208,1,125,82,HERB
0x1f382,201,16,44,141,BIRTHDAY CAKE
0x1f31f,199,11,111,77,GLOWING STAR
0x1f52e,199,6,133,60,CRYSTAL BALL
0x2757,198,31,116,51,HEAVY EXCLAMATION MARK SYMBOL
0x1f46b,197,43,60,94,MAN AND WOMAN HOLDING HANDS
0x1f3c6,194,6,39,149,TROPHY
0x2716,193,8,116,69,HEAVY MULTIPLICATION X
0x261d,191,27,77,87,WHITE UP POINTING INDEX
0x1f619,191,3,34,154,KISSING FACE WITH SMILING EYES
0x26c4,191,14,62,115,SNOWMAN WITHOUT SNOW
0x1f445,190,23,55,112,TONGUE
0x266a,190,15,57,118,EIGHTH NOTE
0x1f342,189,6,72,111,FALLEN LEAF
0x1f48f,185,33,46,106,KISS
0x1f52a,183,38,94,51,HOCHO
0x1f334,178,13,57,108,PALM TREE
0x1f448,174,14,71,89,WHITE LEFT POINTING BACKHAND INDEX
0x1f339,172,3,61,108,ROSE
0x1f646,171,15,54,102,FACE WITH OK GESTURE
0x279c,170,8,126,36,HEAVY ROUND-TIPPED RIGHTWARDS ARROW
0x1f47b,168,28,73,67,GHOST
0x1f4b0,168,26,73,69,MONEY BAG
0x1f37b,165,17,45,103,CLINKING BEER MUGS
0x1f645,165,76,47,42,FACE WITH NO GOOD GESTURE
0x1f31e,162,3,64,95,SUN WITH FACE
0x1f341,161,5,72,84,MAPLE LEAF
0x2b50,159,5,55,99,WHITE MEDIUM STAR
0x25aa,159,15,97,47,BLACK SMALL SQUARE
0x1f380,156,6,44,106,RIBBON
0x2501,156,14,100,42,BOX DRAWINGS HEAVY HORIZONTAL
0x2637,154,2,140,12,TRIGRAM FOR EARTH
0x1f437,152,11,73,68,PIG FACE
0x1f649,150,26,47,77,HEAR-NO-EVIL MONKEY
0x1f33a,150,2,62,86,HIBISCUS
0x1f485,149,27,36,86,NAIL POLISH
0x1f436,148,12,37,99,DOG FACE
0x1f31a,148,23,32,93,NEW MOON WITH FACE
0x1f47d,146,13,73,60,EXTRATERRESTRIAL ALIEN
0x1f3a4,144,17,40,87,MICROPHONE
0x1f46d,144,20,36,88,TWO WOMEN HOLDING HANDS
0x1f3a7,142,18,46,78,HEADPHONE
0x1f446,138,16,60,62,WHITE UP POINTING BACKHAND INDEX
0x1f378,138,12,38,88,COCKTAIL GLASS
0x1f377,137,7,68,62,WINE GLASS
0xae,137,9,80,48,REGISTERED SIGN
0x1f349,136,10,33,93,WATERMELON
0x1f607,135,9,36,90,SMILING FACE WITH HALO
0x2611,135,2,117,16,BALLOT BOX WITH CHECK
0x1f3c3,135,12,55,68,RUNNER
0x1f63f,134,78,29,27,CRYING CAT FACE
0x2502,134,0,87,47,BOX DRAWINGS LIGHT VERTICAL
0x1f4a3,131,40,50,41,BOMB
0x1f37a,131,8,49,74,BEER MUG
0x25b6,131,7,89,35,BLACK RIGHT-POINTING TRIANGLE
0x1f632,129,50,38,41,ASTONISHED FACE
0x1f3b8,125,1,57,67,GUITAR
0x1f379,123,5,30,88,TROPICAL DRINK
0x1f4ab,121,4,51,66,DIZZY SYMBOL
0x1f4da,119,22,34,63,BOOKS
0x1f636,117,50,34,33,FACE WITHOUT MOUTH
0x1f337,116,0,52,64,TULIP
0x1f49d,115,8,23,84,HEART WITH RIBBON
0x1f4a8,115,12,46,57,DASH SYMBOL
0x1f3c8,114,7,38,69,AMERICAN FOOTBALL
0x1f48d,112,16,25,71,RING
0x2614,111,21,36,54,UMBRELLA WITH RAIN DROPS
0x1f478,111,6,30,75,PRINCESS
0x1f1ea,109,2,36,71,REGIONAL INDICATOR SYMBOL LETTER E
0x2591,108,25,63,20,LIGHT SHADE
0x1f369,107,15,35,57,DOUGHNUT
0x1f47e,105,1,64,40,ALIEN MONSTER
0x2601,104,14,43,47,CLOUD
0x1f33b,104,1,41,62,SUNFLOWER
0x1f635,103,33,28,42,DIZZY FACE
0x1f4d2,102,0,98,4,LEDGER
0x21bf,102,0,34,68,UPWARDS HARPOON WITH BARB LEFTWARDS
0x1f42f,100,4,43,53,TIGER FACE
0x1f47c,99,17,31,51,BABY ANGEL
0x1f354,98,16,38,44,HAMBURGER
0x1f638,97,11,34,52,GRINNING CAT FACE WITH SMILING EYES
0x1f476,96,13,27,56,BABY
0x21be,96,0,32,64,UPWARDS HARPOON WITH BARB RIGHTWARDS
0x1f490,95,3,17,75,BOUQUET
0x1f30a,95,8,30,57,WATER WAVE
0x1f366,95,13,24,58,SOFT ICE CREAM
0x1f353,94,3,23,68,STRAWBERRY
0x1f447,94,13,44,37,WHITE DOWN POINTING BACKHAND INDEX
0x1f486,92,24,23,45,FACE MASSAGE
0x1f374,92,4,33,55,FORK AND KNIFE
0x1f627,92,36,26,30,ANGUISHED FACE
0x1f1f8,91,8,27,56,REGIONAL INDICATOR SYMBOL LETTER S
0x1f62e,90,16,33,41,FACE WITH OPEN MOUTH
0x2593,90,2,85,3,DARK SHADE
0x1f6ab,88,48,32,8,NO ENTRY SIGN
0x1f63d,88,11,14,63,KISSING CAT FACE WITH CLOSED EYES
0x1f308,88,5,31,52,RAINBOW
0x1f640,88,14,30,44,WEARY CAT FACE
0x26a0,88,16,62,10,WARNING SIGN
0x1f3ae,86,8,32,46,VIDEO GAME
0x256f,84,19,47,18,BOX DRAWINGS LIGHT ARC UP AND LEFT
0x1f346,84,6,37,41,AUBERGINE
0x1f370,84,13,19,52,SHORTCAKE
0x2713,84,9,41,34,CHECK MARK
0x1f450,83,33,19,31,OPEN HANDS SIGN
0x1f647,83,24,23,36,PERSON BOWING DEEPLY
0x1f35f,83,14,29,40,FRENCH FRIES
0x1f34c,82,10,25,47,BANANA
0x1f491,82,5,16,61,COUPLE WITH HEART
0x1f46c,82,29,29,24,TWO MEN HOLDING HANDS
0x1f423,81,12,17,52,HATCHING CHICK
0x1f383,81,6,19,56,JACK-O-LANTERN
0x25ac,81,0,42,39,BLACK RECTANGLE
0xfffc,81,44,33,4,OBJECT REPLACEMENT CHARACTER
0x1f61f,80,28,18,34,WORRIED FACE
0x1f43e,78,8,13,57,PAW PRINTS
0x1f393,77,7,18,52,GRADUATION CAP
0x1f3ca,77,2,27,48,SWIMMER
0x1f36b,76,22,20,34,CHOCOLATE BAR
0x1f4f7,76,7,28,41,CAMERA
0x1f444,75,5,28,42,MOUTH
0x1f33c,74,1,12,61,BLOSSOM
0x1f6b6,74,28,29,17,PEDESTRIAN
0x1f431,73,10,14,49,CAT FACE
0x2551,73,0,62,11,BOX DRAWINGS DOUBLE VERTICAL
0x1f438,72,24,30,18,FROG FACE
0x1f1fa,71,8,15,48,REGIONAL INDICATOR SYMBOL LETTER U
0x1f47f,70,47,15,8,IMP
0x1f6ac,70,8,16,46,SMOKING SYMBOL
0x273f,70,2,38,30,BLACK FLORETTE
0x1f4d6,68,18,20,30,OPEN BOOK
0x1f412,68,1,29,38,MONKEY
0x1f30d,68,5,16,47,EARTH GLOBE EUROPE-AFRICA
0x250a,68,0,0,68,BOX DRAWINGS LIGHT QUADRUPLE DASH VERTICAL
0x1f425,67,4,18,45,FRONT-FACING BABY CHICK
0x1f300,66,10,39,17,CYCLONE
0x1f43c,66,4,40,22,PANDA FACE
0x1f3a5,66,8,30,28,MOVIE CAMERA
0x1f484,66,6,24,36,LIPSTICK
0x1f4b8,66,16,23,27,MONEY WITH WINGS
0x26d4,65,5,22,38,NO ENTRY
0x25cf,65,8,37,20,BLACK CIRCLE
0x1f3c0,64,13,21,30,BASKETBALL AND HOOP
0x1f489,64,11,18,35,SYRINGE
0x1f49f,63,3,12,48,HEART DECORATION
0x1f697,62,8,31,23,AUTOMOBILE
0x1f62f,62,16,22,24,HUSHED FACE
0x1f4dd,62,8,31,23,MEMO
0x2550,62,0,61,1,BOX DRAWINGS DOUBLE HORIZONTAL
0x2666,61,6,20,35,BLACK DIAMOND SUIT
0x1f4ad,60,10,27,23,THOUGHT BALLOON
0x1f319,58,3,16,39,CRESCENT MOON
0x1f41f,58,2,12,44,FISH
0x1f463,58,6,25,27,FOOTPRINTS
0x261e,58,0,51,7,WHITE RIGHT POINTING INDEX
0x2702,58,34,18,6,BLACK SCISSORS
0x1f5ff,58,5,21,32,MOYAI
0x1f35d,57,16,18,23,SPAGHETTI
0x1f46a,57,24,10,23,FAMILY
0x1f36d,57,9,21,27,LOLLIPOP
0x1f303,56,3,27,26,NIGHT WITH STARS
0x274c,56,14,12,30,CROSS MARK
0x1f430,55,4,13,38,RABBIT FACE
0x1f48a,55,8,14,33,PILL
0x1f6a8,55,6,6,43,POLICE CARS REVOLVING LIGHT
0x1f626,54,30,15,9,FROWNING FACE WITH OPEN MOUTH
0x1f36a,54,10,16,28,COOKIE
0x1f363,53,24,18,11,SUSHI
0x256d,53,3,38,12,BOX DRAWINGS LIGHT ARC DOWN AND RIGHT
0x2727,53,1,33,19,WHITE FOUR POINTED STAR
0x1f386,52,2,9,41,FIREWORKS
0x256e,52,5,35,12,BOX DRAWINGS LIGHT ARC DOWN AND LEFT
0x1f38e,51,0,2,49,JAPANESE DOLLS
0x1f1e9,51,1,16,34,REGIONAL INDICATOR SYMBOL LETTER D
0x2705,51,3,23,25,WHITE HEAVY CHECK MARK
0x1f479,49,13,20,16,JAPANESE OGRE
0x1f4f1,49,4,25,20,MOBILE PHONE
0x1f64d,49,29,8,12,PERSON FROWNING
0x1f351,49,12,12,25,PEACH
0x1f3bc,49,2,28,19,MUSICAL SCORE
0x1f50a,49,4,20,25,SPEAKER WITH THREE SOUND WAVES
0x1f30c,47,5,11,31,MILKY WAY
0x1f34e,47,6,19,22,RED APPLE
0x1f43b,47,6,13,28,BEAR FACE
0x2500,47,0,40,7,BOX DRAWINGS LIGHT HORIZONTAL
0x2570,47,7,36,4,BOX DRAWINGS LIGHT ARC UP AND RIGHT
0x1f487,46,7,16,23,HAIRCUT
0x266c,46,4,26,16,BEAMED SIXTEENTH NOTES
0x265a,46,0,44,2,BLACK CHESS KING
0x1f534,45,1,24,20,LARGE RED CIRCLE
0x1f371,45,25,10,10,BENTO BOX
0x1f34a,45,6,13,26,TANGERINE
0x1f352,45,6,18,21,CHERRIES
0x1f42d,45,0,12,33,MOUSE FACE
0x1f45f,45,5,15,25,ATHLETIC SHOE
0x1f30e,44,5,19,20,EARTH GLOBE AMERICAS
0x1f34d,44,7,8,29,PINEAPPLE
0x1f42e,43,2,12,29,COW FACE
0x1f4f2,43,7,18,18,MOBILE PHONE WITH RIGHTWARDS ARROW AT LEFT
0x263c,43,2,30,11,WHITE SUN WITH RAYS
0x1f305,42,6,14,22,SUNRISE
0x1f1f7,42,1,10,31,REGIONAL INDICATOR SYMBOL LETTER R
0x1f460,42,6,14,22,HIGH-HEELED SHOE
0x1f33d,42,5,12,25,EAR OF MAIZE
0x1f4a7,41,20,8,13,DROPLET
0x2753,41,7,24,10,BLACK QUESTION MARK ORNAMENT
0x1f36c,41,8,9,24,CANDY
0x1f63a,40,8,7,25,SMILING CAT FACE WITH OPEN MOUTH
0x1f434,40,8,21,11,HORSE FACE
0x1f680,40,2,15,23,ROCKET
0xa6,40,7,1,32,BROKEN BAR
0x1f4a2,40,6,18,16,ANGER SYMBOL
0x1f3ac,40,2,24,14,CLAPPER BOARD
0x1f367,40,9,9,22,SHAVED ICE
0x1f35c,40,9,5,26,STEAMING BOWL
0x1f40f,40,2,12,26,RAM
0x1f418,40,9,21,10,ELEPHANT
0x1f467,40,10,14,16,GIRL
0x2800,40,6,26,8,BRAILLE PATTERN BLANK
0x1f3c4,39,2,13,24,SURFER
0x27a4,39,0,26,13,BLACK RIGHTWARDS ARROWHEAD
0x2b06,39,1,25,13,UPWARDS BLACK ARROW
0x1f34b,38,6,16,16,LEMON
0x1f197,38,6,4,28,SQUARED OK
0x26aa,37,0,19,18,MEDIUM WHITE CIRCLE
0x1f4fa,37,3,16,18,TELEVISION
0x1f345,37,9,5,23,TOMATO
0x26c5,37,4,11,22,SUN BEHIND CLOUD
0x1f422,37,6,17,14,TURTLE
0x1f459,37,3,11,23,BIKINI
0x1f3e1,36,5,9,22,HOUSE WITH GARDEN
0x1f33e,36,5,5,26,EAR OF RICE
0x25c9,36,0,26,10,FISHEYE
0x270f,35,3,16,16,PENCIL
0x1f42c,35,2,15,18,DOLPHIN
0x1f364,35,6,21,8,FRIED SHRIMP
0x1f1f9,35,0,13,22,REGIONAL INDICATOR SYMBOL LETTER T
0x2663,35,4,14,17,BLACK CLUB SUIT
0x1f41d,35,5,17,13,HONEYBEE
0x1f31d,34,5,17,12,FULL MOON WITH FACE
0x1f1ee,34,0,12,22,REGIONAL INDICATOR SYMBOL LETTER I
0x1f50b,34,22,8,4,BATTERY
0x1f40d,34,3,15,16,SNAKE
0x2654,34,0,14,20,WHITE CHESS KING
0x1f373,33,13,6,14,COOKING
0x1f535,33,4,14,15,LARGE BLUE CIRCLE
0x1f63e,33,20,5,8,POUTING CAT FACE
0x1f315,33,3,7,23,FULL MOON SYMBOL
0x1f428,33,4,9,20,KOALA
0x1f510,33,6,9,18,CLOSED LOCK WITH KEY
0x1f4bf,33,0,11,22,OPTICAL DISC
0x2741,33,0,31,2,EIGHT PETALLED OUTLINED BLACK FLORETTE
0x1f333,32,2,11,19,DECIDUOUS TREE
0x1f470,32,3,9,20,BRIDE WITH VEIL
0x2740,32,0,18,14,WHITE FLORETTE
0x2693,32,2,8,22,ANCHOR
0x1f6b4,32,0,9,23,BICYCLIST
0x2580,32,10,17,5,UPPER HALF BLOCK
0x1f457,31,5,13,13,DRESS
0x2795,31,4,5,22,HEAVY PLUS SIGN
0x1f4ac,30,4,10,16,SPEECH BALLOON
0x2592,30,2,27,1,MEDIUM SHADE
0x1f51c,30,5,11,14,SOON WITH RIGHTWARDS ARROW ABOVE
0x1f368,30,8,7,15,ICE CREAM
0x1f4b2,30,0,22,8,HEAVY DOLLAR SIGN
0x26fd,30,1,23,6,FUEL PUMP
0x1f359,29,5,10,14,RICE BALL
0x1f357,29,9,9,11,POULTRY LEG
0x1f372,29,7,11,11,POT OF FOOD
0x1f365,29,22,4,3,FISH CAKE WITH SWIRL DESIGN
0x25b8,29,0,22,7,BLACK RIGHT-POINTING SMALL TRIANGLE
0x265b,29,4,15,10,BLACK CHESS QUEEN
0x1f63c,28,5,7,16,CAT FACE WITH WRY SMILE
0x1f419,28,2,12,14,OCTOPUS
0x1f468,28,2,8,18,MAN
0x1f35a,28,6,2,20,COOKED RICE
0x1f356,28,7,10,11,MEAT ON BONE
0x2668,28,0,1,27,HOT SPRINGS
0x1f3b9,28,0,17,11,MUSICAL KEYBOARD
0x2655,28,0,16,12,WHITE CHESS QUEEN
0x2583,28,0,0,28,LOWER THREE EIGHTHS BLOCK
0x1f698,27,8,9,10,ONCOMING AUTOMOBILE
0x1f34f,27,7,11,9,GREEN APPLE
0x1f469,27,9,7,11,WOMAN
0x1f466,27,5,13,9,BOY
0x1f1ec,27,2,15,10,REGIONAL INDICATOR SYMBOL LETTER G
0x1f1e7,27,2,15,10,REGIONAL INDICATOR SYMBOL LETTER B
0x2620,27,7,14,6,SKULL AND CROSSBONES
0x1f420,26,4,6,16,TROPICAL FISH
0x1f6b9,26,1,4,21,MENS SYMBOL
0x1f4b5,26,3,9,14,BANKNOTE WITH DOLLAR SIGN
0x2730,26,0,3,23,SHADOWED WHITE STAR
0x2560,26,0,20,6,BOX DRAWINGS DOUBLE VERTICAL AND RIGHT
0x1f45b,25,4,7,14,PURSE
0x1f699,25,5,14,6,RECREATIONAL VEHICLE
0x1f331,25,0,9,16,SEEDLING
0x1f4bb,25,1,16,8,PERSONAL COMPUTER
0x1f30f,25,3,10,12,EARTH GLOBE ASIA-AUSTRALIA
0x2584,25,8,11,6,LOWER HALF BLOCK
0x1f453,24,0,16,8,EYEGLASSES
0x25c4,24,0,18,6,BLACK LEFT-POINTING POINTER
0x26be,24,9,7,8,BASEBALL
0x1f332,23,2,9,12,EVERGREEN TREE
0x1f474,23,5,7,11,OLDER MAN
0x1f3e0,23,1,8,14,HOUSE BUILDING
0x1f347,23,5,6,12,GRAPES
0x1f358,23,5,3,15,RICE CRACKER
0x1f35b,23,8,6,9,CURRY AND RICE
0x1f407,23,4,9,10,RABBIT
0x1f51e,23,6,12,5,NO ONE UNDER EIGHTEEN SYMBOL
0x1f475,23,5,2,16,OLDER WOMAN
0x25c0,23,0,16,7,BLACK LEFT-POINTING TRIANGLE
0x1f519,23,2,14,7,BACK WITH LEFTWARDS ARROW ABOVE
0x1f335,23,6,6,11,CACTUS
0x1f43d,22,5,9,8,PIG NOSE
0x1f36e,22,10,5,7,CUSTARD
0x1f387,22,1,3,18,FIREWORK SPARKLER
0x1f40e,22,2,8,12,HORSE
0x2794,22,3,19,0,HEAVY WIDE-HEADED RIGHTWARDS ARROW
0x1f4b6,22,3,16,3,BANKNOTE WITH EURO SIGN
0x1f424,22,1,7,14,BABY CHICK
0x2569,22,0,17,5,BOX DRAWINGS DOUBLE UP AND HORIZONTAL
0x1f6c0,21,6,6,9,BATH
0x1f311,21,2,6,13,NEW MOON SYMBOL
0x1f6b2,21,1,10,10,BICYCLE
0x1f411,21,6,13,2,SHEEP
0x1f3c1,21,0,9,12,CHEQUERED FLAG
0x1f35e,21,6,8,7,BREAD
0x1f3be,21,2,4,15,TENNIS RACQUET AND BALL
0x255a,21,0,14,7,BOX DRAWINGS DOUBLE UP AND RIGHT
0x1f239,21,1,12,8,SQUARED CJK UNIFIED IDEOGRAPH-5272
0x1f433,20,4,9,7,SPOUTING WHALE
0x1f46e,20,10,8,2,POLICE OFFICER
0x2639,20,14,4,2,WHITE FROWNING FACE
0x1f435,20,1,7,12,MONKEY FACE
0x272a,20,0,13,7,CIRCLED WHITE STAR
0x25d5,20,0,10,10,CIRCLE WITH ALL BUT UPPER LEFT QUADRANT BLACK
0x1f5fc,20,1,6,13,TOKYO TOWER
0x2590,20,4,15,1,RIGHT HALF BLOCK
0x2660,20,0,13,7,BLACK SPADE SUIT
0x2533,20,10,8,2,BOX DRAWINGS HEAVY DOWN AND HORIZONTAL
0x1f47a,19,8,7,4,JAPANESE GOBLIN
0x1f41a,19,1,12,6,SPIRAL SHELL
0x1f442,19,7,8,4,EAR
0x1f5fd,19,1,10,8,STATUE OF LIBERTY
0x1f375,19,3,5,11,TEACUP WITHOUT HANDLE
0x1f192,19,0,11,8,SQUARED COOL
0x1f36f,19,7,4,8,HONEY POT
0x1f43a,19,2,10,7,WOLF FACE
0x21e8,19,0,9,10,RIGHTWARDS WHITE ARROW
0x27a8,19,2,12,5,HEAVY CONCAVE-POINTED BLACK RIGHTWARDS ARROW
0x1f313,19,0,6,13,FIRST QUARTER MOON SYMBOL
0x1f512,19,5,5,9,LOCK
0x256c,19,6,10,3,BOX DRAWINGS DOUBLE VERTICAL AND HORIZONTAL
0x1f473,18,2,1,15,MAN WITH TURBAN
0x1f302,18,2,9,7,CLOSED UMBRELLA
0x1f68c,18,2,10,6,BUS
0x2669,18,0,7,11,QUARTER NOTE
0x1f361,18,5,9,4,DANGO
0x2765,18,0,13,5,ROTATED HEAVY BLACK HEART BULLET
0x1f3a1,18,1,10,7,FERRIS WHEEL
0x1f48c,17,2,3,12,LOVE LETTER
0x1f429,17,0,10,7,POODLE
0x1f31c,17,0,7,10,LAST QUARTER MOON WITH FACE
0x231a,17,2,9,6,WATCH
0x1f6bf,17,1,3,13,SHOWER
0x1f416,17,0,14,3,PIG
0x1f506,17,0,6,11,HIGH BRIGHTNESS SYMBOL
0x1f31b,17,0,6,11,FIRST QUARTER MOON WITH FACE
0x1f482,17,8,4,5,GUARDSMAN
0x1f414,17,1,9,7,CHICKEN
0x1f64e,17,8,2,7,PERSON WITH POUTING FACE
0x1f3e9,16,2,4,10,LOVE HOTEL
0x1f1eb,16,0,7,9,REGIONAL INDICATOR SYMBOL LETTER F
0x1f528,16,6,6,4,HAMMER
0x1f4e2,16,0,8,8,PUBLIC ADDRESS LOUDSPEAKER
0x1f426,16,0,8,8,BIRD
0x1f432,16,2,13,1,DRAGON FACE
0x267b,16,0,7,9,BLACK UNIVERSAL RECYCLING SYMBOL
0x1f318,16,0,5,11,WANING CRESCENT MOON SYMBOL
0x1f350,16,5,3,8,PEAR
0x1f314,16,0,5,11,WAXING GIBBOUS MOON SYMBOL
0x2565,16,6,2,8,BOX DRAWINGS DOWN DOUBLE AND HORIZONTAL SINGLE
0x274a,16,0,16,0,EIGHT TEARDROP-SPOKED PROPELLER ASTERISK
0x1f456,15,1,7,7,JEANS
0x1f6ba,15,2,8,5,WOMENS SYMBOL
0x1f617,15,1,2,12,KISSING FACE
0x1f3ad,15,5,5,5,PERFORMING ARTS
0x1f404,15,2,6,7,COW
0x25df,15,2,12,1,LOWER LEFT QUADRANT CIRCULAR ARC
0x1f362,15,5,7,3,ODEN
0x1f3a8,15,1,10,4,ARTIST PALETTE
0x2b07,15,2,4,9,DOWNWARDS BLACK ARROW
0x1f6bc,15,0,5,10,BABY SYMBOL
0x26f2,15,1,12,2,FOUNTAIN
0x2581,15,0,15,0,LOWER ONE EIGHTH BLOCK
0x1f1f4,15,0,9,6,REGIONAL INDICATOR SYMBOL LETTER O
0x1f317,15,0,4,11,LAST QUARTER MOON SYMBOL
0x1f316,15,0,4,11,WANING GIBBOUS MOON SYMBOL
0x1f505,15,0,0,15,LOW BRIGHTNESS SYMBOL
0x1f45c,14,2,6,6,HANDBAG
0x1f40c,14,0,3,11,SNAIL
0x1f4bc,14,1,3,10,BRIEFCASE
0x1f695,14,3,8,3,TAXI
0x1f439,14,3,3,8,HAMSTER FACE
0x1f320,14,2,1,11,SHOOTING STAR
0x1f408,14,0,9,5,CAT
0x21e7,14,0,12,2,UPWARDS WHITE ARROW
0x260e,14,2,10,2,BLACK TELEPHONE
0x1f301,14,1,9,4,FOGGY
0x26ab,14,3,4,7,MEDIUM BLACK CIRCLE
0x2667,14,0,6,8,WHITE CLUB SUIT
0x1f3f0,14,1,7,6,EUROPEAN CASTLE
0x1f6b5,14,0,8,6,MOUNTAIN BICYCLIST
0x1f3a2,14,1,4,9,ROLLER COASTER
0x1f3b7,14,0,3,11,SAXOPHONE
0x1f390,14,0,11,3,WIND CHIME
0x2508,14,12,0,2,BOX DRAWINGS LIGHT QUADRUPLE DASH HORIZONTAL
0x2557,14,0,8,6,BOX DRAWINGS DOUBLE DOWN AND LEFT
0x2571,14,0,14,0,BOX DRAWINGS LIGHT DIAGONAL UPPER RIGHT TO LOWER LEFT
0x1f307,13,0,5,8,SUNSET OVER BUILDINGS
0x23f0,13,2,2,9,ALARM CLOCK
0x21e9,13,0,13,0,DOWNWARDS WHITE ARROW
0x1f682,13,0,9,4,STEAM LOCOMOTIVE
0x25e0,13,0,6,7,UPPER HALF CIRCLE
0x1f3bf,13,1,5,7,SKI AND SKI BOOT
0x2726,13,0,12,1,BLACK FOUR POINTED STAR
0x1f194,13,0,1,12,SQUARED ID
0x26ea,13,2,7,4,CHURCH
0x1f312,13,0,4,9,WAXING CRESCENT MOON SYMBOL
0x1f42a,13,0,4,9,DROMEDARY CAMEL
0x2554,13,0,9,4,BOX DRAWINGS DOUBLE DOWN AND RIGHT
0x255d,13,0,6,7,BOX DRAWINGS DOUBLE UP AND LEFT
0x1f454,12,2,3,7,NECKTIE
0x1f531,12,3,5,4,TRIDENT EMBLEM
0x1f193,12,0,9,3,SQUARED FREE
0x1f40b,12,2,5,5,WHALE
0x25bd,12,1,4,7,WHITE DOWN-POINTING TRIANGLE
0x2582,12,0,12,0,LOWER ONE QUARTER BLOCK
0x1f41b,12,2,4,6,BUG
0x1f455,12,1,4,7,T-SHIRT
0x1f68b,12,0,11,1,TRAM CAR
0x1f4b3,12,1,4,7,CREDIT CARD
0x1f306,12,2,6,4,CITYSCAPE AT DUSK
0x1f3e7,12,0,0,12,AUTOMATED TELLER MACHINE
0x1f4a1,12,0,3,9,ELECTRIC LIGHT BULB
0x1f539,12,2,6,4,SMALL BLUE DIAMOND
0x2b05,12,0,5,7,LEFTWARDS BLACK ARROW
0x1f360,12,5,2,5,ROASTED SWEET POTATO
0x1f42b,12,0,7,5,BACTRIAN CAMEL
0x1f3ea,12,2,7,3,CONVENIENCE STORE
0x6e9,12,0,12,0,ARABIC PLACE OF SAJDAH
0x1f1f1,12,0,6,6,REGIONAL INDICATOR SYMBOL LETTER L
0x1f4f9,11,1,3,7,VIDEO CAMERA
0x1f45e,11,1,3,7,MANS SHOE
0x1f691,11,3,4,4,AMBULANCE
0x1f198,11,4,2,5,SQUARED SOS
0x1f45a,11,0,3,8,WOMANS CLOTHES
0x1f68d,11,4,2,5,ONCOMING BUS
0x25a1,11,7,0,4,WHITE SQUARE
0x1f402,11,1,7,3,OX
0x1f6a3,11,0,3,8,ROWBOAT
0x2733,11,0,11,0,EIGHT SPOKED ASTERISK
0x1f3c9,11,0,4,7,RUGBY FOOTBALL
0x1f5fb,11,0,3,8,MOUNT FUJI
0x1f400,11,1,7,3,RAT
0x2566,11,0,6,5,BOX DRAWINGS DOUBLE DOWN AND HORIZONTAL
0x26fa,10,1,2,7,TENT
0x1f415,10,1,5,4,DOG
0x1f3c2,10,1,3,6,SNOWBOARDER
0x1f461,10,1,3,6,WOMANS SANDAL
0x1f4fb,10,1,4,5,RADIO
0x2712,10,1,5,4,BLACK NIB
0x1f330,10,0,3,7,CHESTNUT
0x1f3e2,10,0,8,2,OFFICE BUILDING
0x1f392,10,1,2,7,SCHOOL SATCHEL
0x2312,10,0,3,7,ARC
0x1f3eb,10,6,1,3,SCHOOL
0x1f4f4,10,1,0,9,MOBILE PHONE OFF
0x1f6a2,10,3,1,6,SHIP
0x1f69a,10,2,7,1,DELIVERY TRUCK
0x1f409,10,0,8,2,DRAGON
0x2752,10,0,7,3,UPPER RIGHT SHADOWED WHITE SQUARE
0x1f40a,10,2,5,3,CROCODILE
0x1f514,10,0,0,10,BELL
0x25e2,10,0,2,8,BLACK LOWER RIGHT TRIANGLE
0x1f3e5,9,1,4,4,HOSPITAL
0x2754,9,3,3,3,WHITE QUESTION MARK ORNAMENT
0x1f696,9,3,4,2,ONCOMING TAXI
0x1f0cf,9,3,2,4,PLAYING CARD BLACK JOKER
0x25bc,9,2,4,3,BLACK DOWN-POINTING TRIANGLE
0x258c,9,4,4,1,LEFT HALF BLOCK
0x261b,9,0,5,4,BLACK RIGHT POINTING INDEX
0x2729,9,0,9,0,STRESS OUTLINED WHITE STAR
0x1f492,9,0,3,6,WEDDING
0x1f6a4,9,0,5,4,SPEEDBOAT
0x1f410,9,0,4,5,GOAT
0x25a0,9,5,2,2,BLACK SQUARE
0x1f51a,9,1,3,5,END WITH LEFTWARDS ARROW ABOVE
0x1f3bb,9,0,5,4,VIOLIN
0x1f537,9,0,7,2,LARGE BLUE DIAMOND
0x1f6a6,9,2,4,3,VERTICAL TRAFFIC LIGHT
0x1f513,9,3,2,4,OPEN LOCK
0x1f3bd,9,0,4,5,RUNNING SHIRT WITH SASH
0x1f4c5,9,2,3,4,CALENDAR
0x1f3ba,9,1,0,8,TRUMPET
0x272f,9,0,9,0,PINWHEEL STAR
0x1f348,9,6,1,2,MELON
0x2709,9,1,4,4,ENVELOPE
0x2563,9,0,9,0,BOX DRAWINGS DOUBLE VERTICAL AND LEFT
0x25e4,9,0,0,9,BLACK UPPER LEFT TRIANGLE
0x25cb,8,0,3,5,WHITE CIRCLE
0x1f37c,8,1,1,6,BABY BOTTLE
0x1f4c0,8,1,5,2,DVD
0x1f69b,8,2,6,0,ARTICULATED LORRY
0x1f4d3,8,1,4,3,NOTEBOOK
0x2609,8,0,6,2,SUN
0x1f4b4,8,3,4,1,BANKNOTE WITH YEN SIGN
0x253c,8,2,4,2,BOX DRAWINGS LIGHT VERTICAL AND HORIZONTAL
0x1f403,8,0,8,0,WATER BUFFALO
0x27b0,8,4,1,3,CURLY LOOP
0x1f50c,8,3,3,2,ELECTRIC PLUG
0x1f344,8,2,4,2,MUSHROOM
0x1f4d5,8,1,4,3,CLOSED BOOK
0x1f4e3,8,1,2,5,CHEERING MEGAPHONE
0x1f693,8,0,5,3,POLICE CAR
0x1f417,8,0,3,5,BOAR
0x21aa,8,0,7,1,RIGHTWARDS ARROW WITH HOOK
0x26f3,8,0,1,7,FLAG IN HOLE
0x253b,8,6,0,2,BOX DRAWINGS HEAVY UP AND HORIZONTAL
0x251b,8,0,2,6,BOX DRAWINGS HEAVY UP AND LEFT
0x2503,8,0,4,4,BOX DRAWINGS HEAVY VERTICAL
0x1f471,7,1,4,2,PERSON WITH BLOND HAIR
0x23f3,7,3,1,3,HOURGLASS WITH FLOWING SAND
0x1f4ba,7,1,3,3,SEAT
0x1f3c7,7,3,2,2,HORSE RACING
0x263b,7,1,3,3,BLACK SMILING FACE
0x1f4de,7,0,3,4,TELEPHONE RECEIVER
0x24b6,7,2,4,1,CIRCLED LATIN CAPITAL LETTER A
0x1f309,7,0,2,5,BRIDGE AT NIGHT
0x1f6a9,7,3,3,1,TRIANGULAR FLAG ON POST
0x270e,7,0,2,5,LOWER RIGHT PENCIL
0x1f4c3,7,0,3,4,PAGE WITH CURL
0x1f3e8,7,0,5,2,HOTEL
0x1f4cc,7,5,1,1,PUSHPIN
0x264e,7,2,4,1,LIBRA
0x1f4b7,7,0,3,4,BANKNOTE WITH POUND SIGN
0x1f684,7,0,2,5,HIGH-SPEED TRAIN
0x25b2,7,0,2,5,BLACK UP-POINTING TRIANGLE
0x26f5,7,0,2,5,SAILBOAT
0x1f538,7,0,5,2,SMALL ORANGE DIAMOND
0x231b,7,2,2,3,HOURGLASS
0x1f69c,7,0,0,7,TRACTOR
0x1f406,7,0,4,3,LEOPARD
0x1f452,7,1,3,3,WOMANS HAT
0x2755,7,1,3,3,WHITE EXCLAMATION MARK ORNAMENT
0x1f51b,7,1,1,5,ON WITH EXCLAMATION MARK WITH LEFT RIGHT ARROW ABOVE
0x2662,7,0,4,3,WHITE DIAMOND SUIT
0x1f1f2,7,0,3,4,REGIONAL INDICATOR SYMBOL LETTER M
0x2745,7,0,1,6,TIGHT TRIFOLIATE SNOWFLAKE
0x1f45d,6,1,1,4,POUCH
0x271e,6,0,3,3,SHADOWED WHITE LATIN CROSS
0x25e1,6,0,4,2,LOWER HALF CIRCLE
0x1f38b,6,1,0,5,TANABATA TREE
0x1f465,6,1,2,3,BUSTS IN SILHOUETTE
0x1f4f5,6,1,3,2,NO MOBILE PHONES
0x1f421,6,0,4,2,BLOWFISH
0x25c6,6,0,1,5,BLACK DIAMOND
0x1f3ef,6,0,5,1,JAPANESE CASTLE
0x2602,6,1,4,1,UMBRELLA
0x1f52d,6,0,3,3,TELESCOPE
0x1f3aa,6,0,4,2,CIRCUS TENT
0x1f41c,6,0,2,4,ANT
0x264c,6,0,1,5,LEO
0x2610,6,6,0,0,BALLOT BOX
0x1f477,6,1,2,3,CONSTRUCTION WORKER
0x21b3,6,0,6,0,DOWNWARDS ARROW WITH TIP RIGHTWARDS
0x1f508,6,0,4,2,SPEAKER
0x1f4c4,6,0,0,6,PAGE FACING UP
0x1f4cd,6,1,3,2,ROUND PUSHPIN
0x1f690,6,0,1,5,MINIBUS
0x1f694,6,1,4,1,ONCOMING POLICE CAR
0x1f30b,6,0,2,4,VOLCANO
0x1f4e1,6,1,2,3,SATELLITE ANTENNA
0x23e9,6,0,5,1,BLACK RIGHT-POINTING DOUBLE TRIANGLE
0x1f6b3,6,0,0,6,NO BICYCLES
0x2718,6,0,1,5,HEAVY BALLOT X
0x6de,6,0,6,0,ARABIC START OF RUB EL HIZB
0x263e,6,0,6,0,LAST QUARTER MOON
0x1f170,6,1,2,3,NEGATIVE SQUARED LATIN CAPITAL LETTER A
0x1f4e5,6,0,6,0,INBOX TRAY
0x1f1fc,6,0,3,3,REGIONAL INDICATOR SYMBOL LETTER W
0x2513,6,0,2,4,BOX DRAWINGS HEAVY DOWN AND LEFT
0x2523,6,0,2,4,BOX DRAWINGS HEAVY VERTICAL AND RIGHT
0x24c1,6,0,3,3,CIRCLED LATIN CAPITAL LETTER L
0x24ba,6,0,3,3,CIRCLED LATIN CAPITAL LETTER E
0x1f526,5,0,5,0,ELECTRIC TORCH
0x1f464,5,0,1,4,BUST IN SILHOUETTE
0x1f681,5,0,4,1,HELICOPTER
0x1f3a0,5,0,2,3,CAROUSEL HORSE
0x1f401,5,2,3,0,MOUSE
0x1f4d7,5,1,2,2,GREEN BOOK
0x2510,5,2,2,1,BOX DRAWINGS LIGHT DOWN AND LEFT
0x262e,5,2,1,2,PEACE SYMBOL
0x2642,5,0,4,1,MALE SIGN
0x25de,5,1,3,1,LOWER RIGHT QUADRANT CIRCULAR ARC
0x1f4ef,5,1,4,0,POSTAL HORN
0x1f529,5,1,2,2,NUT AND BOLT
0x1f462,5,0,1,4,WOMANS BOOTS
0x25c2,5,0,3,2,BLACK LEFT-POINTING SMALL TRIANGLE
0x1f4f0,5,1,1,3,NEWSPAPER
0x1f4f6,5,0,3,2,ANTENNA WITH BARS
0x1f6a5,5,1,3,1,HORIZONTAL TRAFFIC LIGHT
0x1f304,5,0,4,1,SUNRISE OVER MOUNTAINS
0x1f5fe,5,0,3,2,SILHOUETTE OF JAPAN
0x1f536,5,0,3,2,LARGE ORANGE DIAMOND
0x1f3e4,5,0,3,2,EUROPEAN POST OFFICE
0x1f3a9,5,0,3,2,TOP HAT
0x24c2,5,1,1,3,CIRCLED LATIN CAPITAL LETTER M
0x1f527,5,4,0,1,WRENCH
0x1f405,5,0,4,1,TIGER
0x266e,5,0,4,1,MUSIC NATURAL SIGN
0x1f17e,5,2,2,1,NEGATIVE SQUARED LATIN CAPITAL LETTER O
0x1f504,5,0,5,0,ANTICLOCKWISE DOWNWARDS AND UPWARDS OPEN CIRCLE ARROWS
0x2604,5,0,5,0,COMET
0x2628,5,0,5,0,CROSS OF LORRAINE
0x1f4e6,4,0,3,1,PACKAGE
0x1f68a,4,1,1,2,TRAM
0x1f532,4,0,1,3,BLACK SQUARE BUTTON
0x1f501,4,1,2,1,CLOCKWISE RIGHTWARDS AND LEFTWARDS OPEN CIRCLE ARROWS
0x25b3,4,0,3,1,WHITE UP-POINTING TRIANGLE
0x1f4c6,4,0,0,4,TEAR-OFF CALENDAR
0x275b,4,0,2,2,HEAVY SINGLE TURNED COMMA QUOTATION MARK ORNAMENT
0x1f4c9,4,0,2,2,CHART WITH DOWNWARDS TREND
0x25b5,4,0,2,2,WHITE UP-POINTING SMALL TRIANGLE
0x1f50e,4,0,1,3,RIGHT-POINTING MAGNIFYING GLASS
0x261c,4,0,3,1,WHITE LEFT POINTING INDEX
0x1f1ef,4,0,2,2,REGIONAL INDICATOR SYMBOL LETTER J
0x1f1f5,4,0,2,2,REGIONAL INDICATOR SYMBOL LETTER P
0x1f4d8,4,1,1,2,BLUE BOOK
0x2721,4,0,4,0,STAR OF DAVID
0x24d4,4,0,1,3,CIRCLED LATIN SMALL LETTER E
0x1f511,4,1,1,2,KEY
0x1f503,4,1,2,1,CLOCKWISE DOWNWARDS AND UPWARDS OPEN CIRCLE ARROWS
0x1f443,4,2,0,2,NOSE
0x2b55,4,0,2,2,HEAVY LARGE CIRCLE
0x1f518,4,0,3,1,RADIO BUTTON
0x24d2,4,2,0,2,CIRCLED LATIN SMALL LETTER C
0x1f6ad,4,0,0,4,NO SMOKING SYMBOL
0x1f689,4,0,1,3,STATION
0x1f6aa,4,0,1,3,DOOR
0x27b3,4,0,2,2,WHITE-FEATHERED RIGHTWARDS ARROW
0x1f683,4,0,1,3,RAILWAY CAR
0x252f,4,2,2,0,BOX DRAWINGS DOWN LIGHT AND HORIZONTAL HEAVY
0x1f3ec,4,0,4,0,DEPARTMENT STORE
0x263d,4,0,4,0,FIRST QUARTER MOON
0x1f199,4,0,2,2,SQUARED UP WITH EXCLAMATION MARK
0x1f196,4,1,1,2,SQUARED NG
0x262a,4,0,4,0,STAR AND CRESCENT
0x2517,4,0,0,4,BOX DRAWINGS HEAVY UP AND RIGHT
0x1f6ae,4,2,0,2,PUT LITTER IN ITS PLACE SYMBOL
0x252b,4,0,4,0,BOX DRAWINGS HEAVY VERTICAL AND LEFT
0x24c4,4,0,2,2,CIRCLED LATIN CAPITAL LETTER O
0x2747,3,0,1,2,SPARKLE
0x2734,3,0,1,2,EIGHT POINTED BLACK STAR
0x250c,3,1,1,1,BOX DRAWINGS LIGHT DOWN AND RIGHT
0x260a,3,0,0,3,ASCENDING NODE
0x1f515,3,2,0,1,BELL WITH CANCELLATION STROKE
0x2b1b,3,2,0,1,BLACK LARGE SQUARE
0x275d,3,0,3,0,HEAVY DOUBLE TURNED COMMA QUOTATION MARK ORNAMENT
0x275e,3,0,3,0,HEAVY DOUBLE COMMA QUOTATION MARK ORNAMENT
0x1f69e,3,0,1,2,MOUNTAIN RAILWAY
0x1f376,3,0,1,2,SAKE BOTTLE AND CUP
0x1f310,3,0,1,2,GLOBE WITH MERIDIANS
0x2640,3,0,2,1,FEMALE SIGN
0x1f685,3,0,1,2,HIGH-SPEED TRAIN WITH BULLET NOSE
0x1f692,3,1,2,0,FIRE ENGINE
0x27a3,3,0,3,0,THREE-D BOTTOM-LIGHTED RIGHTWARDS ARROWHEAD
0x264b,3,0,2,1,CANCER
0x264d,3,0,1,2,VIRGO
0x1f55d,3,1,2,0,CLOCK FACE TWO-THIRTY
0x24d0,3,0,0,3,CIRCLED LATIN SMALL LETTER A
0x2717,3,1,1,1,BALLOT X
0x1f4d9,3,1,0,2,ORANGE BOOK
0x24c8,3,0,2,1,CIRCLED LATIN CAPITAL LETTER S
0x1f4cb,3,0,1,2,CLIPBOARD
0x21e2,3,1,1,1,RIGHTWARDS DASHED ARROW
0x1f3b1,3,1,0,2,BILLIARDS
0x1f41e,3,0,2,1,LADY BEETLE
0x1f53a,3,0,2,1,UP-POINTING RED TRIANGLE
0x24e1,3,0,0,3,CIRCLED LATIN SMALL LETTER R
0x1f38d,3,0,3,0,PINE DECORATION
0x2664,3,0,1,2,WHITE SPADE SUIT
0x1f3b2,3,0,3,0,GAME DIE
0x1f3af,3,0,1,2,DIRECT HIT
0x3020,3,0,3,0,POSTAL MARK FACE
0x1f509,3,0,1,2,SPEAKER WITH ONE SOUND WAVE
0x21a9,3,0,0,3,LEFTWARDS ARROW WITH HOOK
0x1f6be,3,0,2,1,WATER CLOSET
0x1f3a3,3,2,1,0,FISHING POLE AND FISH
0x1f523,3,0,2,1,INPUT SYMBOL FOR SYMBOLS
0x274e,3,3,0,0,NEGATIVE SQUARED CROSS MARK
0x27a5,3,0,2,1,HEAVY BLACK CURVED DOWNWARDS AND RIGHTWARDS ARROW
0x1f171,3,0,3,0,NEGATIVE SQUARED LATIN CAPITAL LETTER B
0x1f38c,3,0,0,3,CROSSED FLAGS
0x25e3,3,0,2,1,BLACK LOWER LEFT TRIANGLE
0x23ec,3,0,0,3,BLACK DOWN-POINTING DOUBLE TRIANGLE
0x266d,3,0,2,1,MUSIC FLAT SIGN
0x1f4a0,3,0,3,0,DIAMOND SHAPE WITH A DOT INSIDE
0x24de,2,0,0,2,CIRCLED LATIN SMALL LETTER O
0x1f533,2,0,1,1,WHITE SQUARE BUTTON
0x1f3ed,2,0,1,1,FACTORY
0x1f530,2,0,2,0,JAPANESE SYMBOL FOR BEGINNER
0x1f3b3,2,1,1,0,BOWLING
0x261a,2,0,0,2,BLACK LEFT POINTING INDEX
0x27bd,2,0,1,1,HEAVY WEDGE-TAILED RIGHTWARDS ARROW
0x27ab,2,0,1,1,BACK-TILTED SHADOWED WHITE RIGHTWARDS ARROW
0x2796,2,2,0,0,HEAVY MINUS SIGN
0x1f3ee,2,0,2,0,IZAKAYA LANTERN
0x1f4db,2,0,2,0,NAME BADGE
0xa4b0,2,0,1,1,YI RADICAL SHY
0xa4b1,2,0,1,1,YI RADICAL VEP
0x25dd,2,1,1,0,UPPER RIGHT QUADRANT CIRCULAR ARC
0x1f4d1,2,0,0,2,BOOKMARK TABS
0x1f3a6,2,0,2,0,CINEMA
0x24e7,2,0,0,2,CIRCLED LATIN SMALL LETTER X
0x1f1e8,2,0,2,0,REGIONAL INDICATOR SYMBOL LETTER C
0x1f1f3,2,0,2,0,REGIONAL INDICATOR SYMBOL LETTER N
0x1f51f,2,0,0,2,KEYCAP TEN
0x3013,2,0,0,2,GETA MARK
0x24dc,2,0,1,1,CIRCLED LATIN SMALL LETTER M
0x27a0,2,0,0,2,HEAVY DASHED TRIANGLE-HEADED RIGHTWARDS ARROW
0x1f686,2,0,1,1,TRAIN
0x1f6a0,2,0,2,0,MOUNTAIN CABLEWAY
0x2105,2,2,0,0,CARE OF
0x2603,2,0,1,1,SNOWMAN
0x1f6bd,2,0,0,2,TOILET
0x1f4d0,2,0,2,0,TRIANGULAR RULER
0x24dd,2,0,0,2,CIRCLED LATIN SMALL LETTER N
0x272e,2,0,2,0,HEAVY OUTLINED BLACK STAR
0x21e6,2,0,0,2,LEFTWARDS WHITE ARROW
0x1f472,2,0,1,1,MAN WITH GUA PI MAO
0x1f6a1,2,1,1,0,AERIAL TRAMWAY
0x1f391,2,0,2,0,MOON VIEWING CEREMONY
0x1f52c,2,0,0,2,MICROSCOPE
0x2797,2,1,1,0,HEAVY DIVISION SIGN
0x1f4c8,2,0,1,1,CHART WITH UPWARDS TREND
0x2318,2,0,2,0,PLACE OF INTEREST SIGN
0x23ea,2,0,1,1,BLACK LEFT-POINTING DOUBLE TRIANGLE
0x2579,2,0,2,0,BOX DRAWINGS HEAVY UP
0x25ce,2,0,0,2,BULLSEYE
0x1f53c,2,0,2,0,UP-POINTING SMALL RED TRIANGLE
0xa4a6,2,2,0,0,YI RADICAL GGUO
0x1f4ce,2,0,0,2,PAPERCLIP
0x2445,2,0,0,2,OCR BOW TIE
0x235d,2,0,2,0,APL FUNCTIONAL SYMBOL UP SHOE JOT
0x1f4c1,2,0,2,0,FILE FOLDER
0x272d,2,0,0,2,OUTLINED BLACK STAR
0x27b2,2,0,2,0,CIRCLED HEAVY WHITE RIGHTWARDS ARROW
0x2653,2,0,1,1,PISCES
0x250f,2,0,0,2,BOX DRAWINGS HEAVY DOWN AND RIGHT
0x2607,2,0,0,2,LIGHTNING
0x267a,2,0,2,0,RECYCLING SYMBOL FOR GENERIC MATERIALS
0x265e,2,0,2,0,BLACK CHESS KNIGHT
0xfce,2,2,0,0,TIBETAN SIGN RDEL NAG RDEL DKAR
0x1f4e0,2,0,2,0,FAX MACHINE
0x1f458,2,0,0,2,KIMONO
0x2199,2,0,0,2,SOUTH WEST ARROW
0x24bb,2,0,1,1,CIRCLED LATIN CAPITAL LETTER F
0x24cc,2,0,1,1,CIRCLED LATIN CAPITAL LETTER W
0x24c5,2,0,1,1,CIRCLED LATIN CAPITAL LETTER P
0x1f551,2,0,1,1,CLOCK FACE TWO OCLOCK
0x1f4bd,1,0,1,0,MINIDISC
0x1f55b,1,0,0,1,CLOCK FACE TWELVE OCLOCK
0x1f3ab,1,0,1,0,TICKET
0x2648,1,1,0,0,ARIES
0x1f4df,1,0,1,0,PAGER
0x2103,1,0,1,0,DEGREE CELSIUS
0x21ac,1,0,0,1,RIGHTWARDS ARROW WITH LOOP
0x1f552,1,0,1,0,CLOCK FACE THREE OCLOCK
0x1f1f0,1,0,1,0,REGIONAL INDICATOR SYMBOL LETTER K
0x21b1,1,0,1,0,UPWARDS ARROW WITH TIP RIGHTWARDS
0x270d,1,0,0,1,WRITING HAND
0x21d0,1,0,1,0,LEFTWARDS DOUBLE ARROW
0x1f3e6,1,0,0,1,BANK
0x1f53b,1,0,0,1,DOWN-POINTING RED TRIANGLE
0x24df,1,0,0,1,CIRCLED LATIN SMALL LETTER P
0x24d5,1,0,0,1,CIRCLED LATIN SMALL LETTER F
0x24d8,1,0,0,1,CIRCLED LATIN SMALL LETTER I
0x267f,1,0,0,1,WHEELCHAIR SYMBOL
0x21d7,1,0,0,1,NORTH EAST DOUBLE ARROW
0x21d8,1,0,0,1,SOUTH EAST DOUBLE ARROW
0x24e8,1,0,0,1,CIRCLED LATIN SMALL LETTER Y
0x24d9,1,0,0,1,CIRCLED LATIN SMALL LETTER J
0x25ab,1,0,0,1,WHITE SMALL SQUARE
0x1f507,1,0,0,1,SPEAKER WITH CANCELLATION STROKE
0x2303,1,1,0,0,UP ARROWHEAD
0x1f516,1,0,0,1,BOOKMARK
0x1f4dc,1,0,0,1,SCROLL
0x264f,1,0,1,0,SCORPIUS
0x1f69d,1,0,0,1,MONORAIL
0x2622,1,0,1,0,RADIOACTIVE SIGN
0x1f38f,1,0,1,0,CARP STREAMER
0x2518,1,1,0,0,BOX DRAWINGS LIGHT UP AND LEFT
0x271d,1,1,0,0,LATIN CROSS
0x2756,1,0,1,0,BLACK DIAMOND MINUS WHITE X
0x2363,1,1,0,0,APL FUNCTIONAL SYMBOL STAR DIAERESIS
0x1f4ee,1,1,0,0,POSTBOX
0x1f555,1,1,0,0,CLOCK FACE SIX OCLOCK
0x1f1ed,1,0,1,0,REGIONAL INDICATOR SYMBOL LETTER H
0x25dc,1,0,1,0,UPPER LEFT QUADRANT CIRCULAR ARC
0x1f52f,1,0,0,1,SIX POINTED STAR WITH MIDDLE DOT
0x27b8,1,0,0,1,HEAVY BLACK-FEATHERED RIGHTWARDS ARROW
0xa4b5,1,0,0,1,YI RADICAL JJY
0x1f565,1,1,0,0,CLOCK FACE TEN-THIRTY
0x2659,1,0,1,0,WHITE CHESS PAWN
0x25bf,1,0,1,0,WHITE DOWN-POINTING SMALL TRIANGLE
0x2683,1,0,1,0,DIE FACE-4
0x273d,1,0,0,1,HEAVY TEARDROP-SPOKED ASTERISK
0x1f4fc,1,0,0,1,VIDEOCASSETTE
0x1f550,1,1,0,0,CLOCK FACE ONE OCLOCK
0x1f004,1,0,0,1,MAHJONG TILE RED DRAGON
0x273e,1,0,1,0,SIX PETALLED BLACK AND WHITE FLORETTE
0x272c,1,0,0,1,BLACK CENTRE WHITE STAR
0x1f191,1,0,1,0,SQUARED CL
0x272b,1,0,0,1,OPEN CENTRE BLACK STAR
0x1f554,1,1,0,0,CLOCK FACE FIVE OCLOCK
0x2763,1,0,0,1,HEAVY HEART EXCLAMATION MARK ORNAMENT
0x27b1,1,0,1,0,NOTCHED UPPER RIGHT-SHADOWED WHITE RIGHTWARDS ARROW
0x1f195,1,0,1,0,SQUARED NEW
0x27a2,1,0,1,0,THREE-D TOP-LIGHTED RIGHTWARDS ARROWHEAD
0x2195,1,0,1,0,UP DOWN ARROW
0x1f4eb,1,0,0,1,CLOSED MAILBOX WITH RAISED FLAG
0x1f250,1,0,0,1,CIRCLED IDEOGRAPH ADVANTAGE
0x264a,1,0,1,0,GEMINI
0x1f202,1,1,0,0,SQUARED KATAKANA SA
0x1f3b0,1,1,0,0,SLOT MACHINE
0x482,1,1,0,0,CYRILLIC THOUSANDS SIGN
0x2564,1,1,0,0,BOX DRAWINGS DOWN SINGLE AND HORIZONTAL DOUBLE
0x279b,1,0,1,0,DRAFTING POINT RIGHTWARDS ARROW
0x265d,1,0,1,0,BLACK CHESS BISHOP
0x274b,1,0,1,0,HEAVY EIGHT TEARDROP-SPOKED PROPELLER ASTERISK
0x2706,1,0,1,0,TELEPHONE LOCATION SIGN
0x1f4d4,1,0,0,1,NOTEBOOK WITH DECORATIVE COVER
